zone,stat
11,164.74717638195287
12,2057.6558227539062
21,200.14814316511763
22,234.37018477457337
23,239.25033435053547
24,184.14536772614176
31,1161.049748573519
41,408.02281919984944
42,1154.1838450652367
43,295.7722617252539
52,1389.8195304965748
71,975.4061958771471
81,261.59692828066926
82,433.5063117442873
90,162.39648147168023
95,315.73280671916626
